match_id,date,season,home_team,away_team,referee,home_goals,away_goals,home_yellow_cards,away_yellow_cards,total_yellow_cards,home_red_cards,away_red_cards,home_corners,away_corners,total_corners,home_fouls,away_fouls,total_fouls,has_penalty,penalty_count,medical_exits,referee_strictness
1,2024-01-01,2023-24,Рубин,Локомотив,Еськов А.,0,1,2,0,2,0,0,2,2,4,9,14,23,0,0,2,0.85
2,2024-02-02,2023-24,Краснодар,Спартак,Карасев С.,0,0,1,4,5,0,0,2,6,8,11,12,23,0,0,5,1.15
3,2024-03-03,2023-24,Урал,Сочи,Казарцев С.,1,1,0,2,2,0,0,8,6,14,12,19,31,0,0,2,1.2
4,2024-04-04,2023-24,Краснодар,Ростов,Карасев С.,1,0,2,0,2,0,0,10,2,12,7,21,28,0,0,1,1.15
5,2024-05-05,2023-24,Зенит,Урал,Казарцев С.,4,2,1,2,3,0,0,5,4,9,11,11,22,0,0,2,1.2
6,2024-06-06,2023-24,Рубин,ЦСКА,Иванов И.,0,1,0,1,1,0,0,6,10,16,8,15,23,1,1,0,0.95
7,2024-07-07,2023-24,Зенит,Урал,Безбородов А.,3,0,0,2,2,0,0,7,7,14,9,13,22,1,1,4,0.8
8,2024-08-08,2023-24,Спартак,Факел,Иванов И.,1,1,0,2,2,0,0,5,3,8,13,15,28,0,0,1,0.95
9,2024-09-09,2023-24,Динамо,Химки,Чистяков Е.,1,1,0,0,0,0,0,5,3,8,11,9,20,0,0,2,1.1
10,2024-10-10,2023-24,Ростов,Пари НН,Безбородов А.,1,2,2,2,4,0,0,2,3,5,12,15,27,1,1,1,0.8
11,2024-01-11,2023-24,Ахмат,Химки,Левников С.,2,3,3,5,8,0,0,1,2,3,16,9,25,0,0,0,1.3
12,2024-02-12,2023-24,Крылья Советов,Локомотив,Вилков В.,1,0,1,2,3,0,0,5,2,7,14,16,30,0,0,3,0.9
13,2024-03-13,2023-24,Пари НН,Крылья Советов,Чистяков Е.,0,2,2,0,2,0,0,2,4,6,18,13,31,1,1,5,1.1
14,2024-04-14,2023-24,Ахмат,Ростов,Москалев А.,1,1,2,2,4,0,0,4,5,9,14,10,24,1,0,6,1.05
15,2024-05-15,2023-24,Химки,Динамо,Казарцев С.,0,0,1,2,3,0,0,5,7,12,15,14,29,0,0,1,1.2
16,2024-06-16,2023-24,Краснодар,Урал,Москалев А.,0,0,0,2,2,0,0,7,4,11,11,12,23,0,0,2,1.05
17,2024-07-17,2023-24,Динамо,Зенит,Иванов И.,1,1,2,4,6,0,0,4,5,9,13,19,32,0,0,4,0.95
18,2024-08-18,2023-24,Оренбург,Факел,Москалев А.,2,0,2,1,3,0,0,8,2,10,15,14,29,0,0,1,1.05
19,2024-09-19,2023-24,Факел,Зенит,Левников С.,1,0,2,4,6,0,0,7,4,11,18,19,37,0,0,0,1.3
20,2024-10-20,2023-24,Динамо,Спартак,Москалев А.,0,0,3,2,5,0,0,5,6,11,7,14,21,0,0,0,1.05
21,2024-01-21,2023-24,Ахмат,Сочи,Вилков В.,1,0,0,2,2,0,0,4,5,9,15,12,27,0,0,2,0.9
22,2024-02-22,2023-24,Спартак,Рубин,Панин А.,2,2,2,0,2,0,0,9,4,13,13,22,35,0,0,2,1.0
23,2024-03-23,2023-24,Оренбург,Урал,Еськов А.,0,1,0,2,2,0,0,7,8,15,11,19,30,0,0,3,0.85
24,2024-04-24,2023-24,Зенит,Ахмат,Еськов А.,1,1,1,0,1,0,0,4,4,8,9,13,22,1,1,1,0.85
25,2024-05-25,2023-24,Урал,ЦСКА,Вилков В.,2,1,2,1,3,0,0,10,4,14,7,15,22,0,0,5,0.9
26,2024-06-26,2023-24,Химки,Оренбург,Вилков В.,0,1,1,3,4,0,0,7,6,13,15,8,23,1,1,4,0.9
27,2024-07-27,2023-24,ЦСКА,Сочи,Москалев А.,3,1,3,2,5,0,0,4,7,11,11,12,23,1,0,0,1.05
28,2024-08-28,2023-24,Спартак,Локомотив,Вилков В.,1,1,2,2,4,1,0,10,4,14,20,11,31,0,0,2,0.9
29,2024-09-01,2023-24,Спартак,Сочи,Лапочкин С.,0,1,3,3,6,0,0,6,3,9,10,7,17,1,0,0,1.0
30,2024-10-02,2023-24,Зенит,Локомотив,Иванов И.,0,0,1,1,2,0,0,6,9,15,9,11,20,0,0,1,0.95
31,2024-01-03,2023-24,Спартак,Краснодар,Чистяков Е.,0,1,1,4,5,0,0,4,3,7,17,19,36,1,0,3,1.1
32,2024-02-04,2023-24,Сочи,Пари НН,Казарцев С.,3,3,7,3,10,0,0,2,6,8,15,11,26,0,0,3,1.2
33,2024-03-05,2023-24,Зенит,Рубин,Чистяков Е.,2,0,0,5,5,0,0,4,3,7,12,11,23,0,0,2,1.1
34,2024-04-06,2023-24,Зенит,Оренбург,Иванов И.,1,1,2,1,3,0,0,5,5,10,16,13,29,0,0,1,0.95
35,2024-05-07,2023-24,Пари НН,Крылья Советов,Панин А.,1,0,2,1,3,0,0,6,0,6,11,14,25,0,0,1,1.0
36,2024-06-08,2023-24,Рубин,Сочи,Казарцев С.,0,0,1,4,5,0,0,9,7,16,14,14,28,0,0,3,1.2
37,2024-07-09,2023-24,Сочи,Пари НН,Панин А.,2,2,0,1,1,0,0,5,9,14,9,13,22,0,0,1,1.0
38,2024-08-10,2023-24,Ростов,Рубин,Москалев А.,1,1,1,2,3,0,0,6,3,9,13,15,28,0,0,2,1.05
39,2024-09-11,2023-24,Химки,Пари НН,Левников С.,2,0,1,2,3,0,0,3,3,6,10,10,20,0,0,3,1.3
40,2024-10-12,2023-24,Ростов,Пари НН,Панин А.,3,3,1,5,6,1,0,4,6,10,12,8,20,0,0,3,1.0
41,2024-01-13,2023-24,Ахмат,Оренбург,Карасев С.,1,2,2,3,5,0,0,9,4,13,9,9,18,0,0,3,1.15
42,2024-02-14,2023-24,Пари НН,Химки,Лапочкин С.,0,1,1,2,3,0,0,5,6,11,11,16,27,0,0,4,1.0
43,2024-03-15,2023-24,Оренбург,Факел,Вилков В.,1,1,1,1,2,0,0,4,4,8,14,10,24,1,0,3,0.9
44,2024-04-16,2023-24,Зенит,Ахмат,Панин А.,0,2,1,1,2,0,0,10,4,14,14,20,34,0,0,1,1.0
45,2024-05-17,2023-24,Краснодар,Локомотив,Иванов И.,2,1,1,1,2,0,0,4,3,7,16,14,30,0,0,1,0.95
46,2024-06-18,2023-24,Динамо,ЦСКА,Матюнин А.,2,0,3,2,5,0,1,6,6,12,16,18,34,0,0,0,1.1
47,2024-07-19,2023-24,Химки,Урал,Вилков В.,1,3,1,0,1,0,0,2,4,6,10,13,23,0,0,0,0.9
48,2024-08-20,2023-24,Пари НН,Сочи,Матюнин А.,2,0,1,3,4,0,0,1,4,5,12,11,23,1,3,0,1.1
49,2024-09-21,2023-24,Локомотив,Пари НН,Панин А.,0,3,2,0,2,0,0,4,9,13,11,12,23,0,0,1,1.0
50,2024-10-22,2023-24,Ростов,Химки,Панин А.,3,0,0,3,3,0,0,2,5,7,4,14,18,0,0,0,1.0
51,2024-01-23,2023-24,Оренбург,Факел,Вилков В.,3,1,1,0,1,0,0,8,8,16,10,15,25,1,0,2,0.9
52,2024-02-24,2023-24,Крылья Советов,Ростов,Казарцев С.,1,0,3,4,7,0,0,6,8,14,9,12,21,0,0,2,1.2
53,2024-03-25,2023-24,Краснодар,Химки,Карасев С.,2,5,1,3,4,0,0,6,4,10,8,14,22,1,1,2,1.15
54,2024-04-26,2023-24,Спартак,Динамо,Матюнин А.,0,0,1,2,3,0,0,4,5,9,10,19,29,0,0,2,1.1
55,2024-05-27,2023-24,Оренбург,Факел,Панин А.,1,1,0,1,1,0,0,3,6,9,11,9,20,0,0,3,1.0
56,2024-06-28,2023-24,Рубин,Зенит,Казарцев С.,4,0,2,4,6,0,0,3,5,8,14,14,28,0,0,3,1.2
57,2024-07-01,2023-24,Ростов,Урал,Матюнин А.,2,4,3,5,8,0,1,8,6,14,14,18,32,1,0,2,1.1
58,2024-08-02,2023-24,Факел,Спартак,Казарцев С.,2,3,0,2,2,0,0,8,4,12,7,9,16,1,1,2,1.2
59,2024-09-03,2023-24,Крылья Советов,Урал,Матюнин А.,2,1,2,1,3,0,0,9,6,15,18,17,35,0,0,0,1.1
60,2024-10-04,2023-24,Химки,Сочи,Карасев С.,3,2,2,1,3,0,0,2,3,5,17,12,29,0,0,0,1.15
61,2024-01-05,2023-24,Краснодар,Динамо,Левников С.,1,1,1,2,3,1,1,3,4,7,10,12,22,1,1,3,1.3
62,2024-02-06,2023-24,Динамо,Химки,Еськов А.,2,1,0,2,2,0,0,4,0,4,19,7,26,1,0,0,0.85
63,2024-03-07,2023-24,Рубин,Ростов,Москалев А.,2,2,0,1,1,0,0,5,6,11,13,19,32,0,0,1,1.05
64,2024-04-08,2023-24,ЦСКА,Крылья Советов,Москалев А.,1,1,3,0,3,0,0,8,2,10,11,14,25,0,0,2,1.05
65,2024-05-09,2023-24,Крылья Советов,Спартак,Матюнин А.,1,2,3,2,5,1,0,3,3,6,12,9,21,0,0,2,1.1
66,2024-06-10,2023-24,Химки,Пари НН,Левников С.,0,4,0,2,2,0,0,3,6,9,8,17,25,0,0,0,1.3
67,2024-07-11,2023-24,Оренбург,Зенит,Безбородов А.,5,1,1,2,3,0,0,9,1,10,16,9,25,0,0,1,0.8
68,2024-08-12,2023-24,Крылья Советов,Динамо,Карасев С.,3,0,1,2,3,0,0,9,6,15,10,17,27,0,0,2,1.15
69,2024-09-13,2023-24,Урал,Спартак,Матюнин А.,1,2,2,0,2,0,0,2,8,10,17,10,27,0,0,0,1.1
70,2024-10-14,2023-24,Ростов,Крылья Советов,Лапочкин С.,2,0,2,0,2,0,0,4,3,7,10,16,26,0,0,4,1.0
71,2024-01-15,2023-24,Ростов,ЦСКА,Еськов А.,0,3,1,0,1,0,0,7,9,16,8,18,26,0,0,1,0.85
72,2024-02-16,2023-24,Локомотив,Крылья Советов,Москалев А.,2,0,1,2,3,0,0,4,6,10,14,11,25,0,0,2,1.05
73,2024-03-17,2023-24,Динамо,Зенит,Левников С.,2,0,0,0,0,0,0,7,5,12,9,18,27,0,0,1,1.3
74,2024-04-18,2023-24,Факел,ЦСКА,Безбородов А.,1,0,0,0,0,0,0,3,4,7,10,16,26,0,0,3,0.8
75,2024-05-19,2023-24,Факел,Рубин,Безбородов А.,0,1,2,2,4,0,0,8,5,13,15,16,31,0,0,3,0.8
76,2024-06-20,2023-24,Спартак,Урал,Панин А.,2,2,1,0,1,1,0,10,5,15,13,13,26,0,0,6,1.0
77,2024-07-21,2023-24,Крылья Советов,Ахмат,Чистяков Е.,1,2,1,2,3,0,0,3,7,10,13,16,29,1,0,0,1.1
78,2024-08-22,2023-24,Ростов,Пари НН,Москалев А.,3,2,3,2,5,0,0,7,4,11,12,13,25,1,1,3,1.05
79,2024-09-23,2023-24,Динамо,Краснодар,Левников С.,3,0,1,4,5,0,0,7,5,12,14,8,22,0,0,1,1.3
80,2024-10-24,2023-24,Факел,Крылья Советов,Иванов И.,0,2,0,0,0,0,0,2,2,4,13,13,26,1,0,1,0.95
81,2024-01-25,2023-24,Зенит,Локомотив,Еськов А.,1,3,1,3,4,0,0,6,5,11,14,14,28,0,0,3,0.85
82,2024-02-26,2023-24,Зенит,Рубин,Казарцев С.,3,1,3,1,4,0,0,2,11,13,13,14,27,0,0,1,1.2
83,2024-03-27,2023-24,Ростов,Химки,Панин А.,0,3,2,0,2,1,0,5,6,11,13,15,28,0,0,2,1.0
84,2024-04-28,2023-24,Зенит,Оренбург,Левников С.,1,0,3,3,6,0,0,8,6,14,18,12,30,0,0,0,1.3
85,2024-05-01,2023-24,Пари НН,Рубин,Чистяков Е.,1,1,3,3,6,0,1,8,7,15,12,10,22,0,0,2,1.1
86,2024-06-02,2023-24,Факел,Зенит,Панин А.,1,2,0,0,0,0,0,5,4,9,11,13,24,0,0,5,1.0
87,2024-07-03,2023-24,Зенит,Сочи,Карасев С.,1,3,2,2,4,0,0,8,6,14,14,16,30,1,0,1,1.15
88,2024-08-04,2023-24,Зенит,Спартак,Казарцев С.,0,1,4,0,4,0,0,13,4,17,9,13,22,0,0,3,1.2
89,2024-09-05,2023-24,Локомотив,Оренбург,Казарцев С.,3,3,0,4,4,0,0,2,5,7,16,9,25,1,0,1,1.2
90,2024-10-06,2023-24,Рубин,Сочи,Москалев А.,2,2,1,1,2,0,0,9,8,17,10,17,27,0,0,3,1.05
91,2024-01-07,2023-24,Крылья Советов,Рубин,Карасев С.,1,0,1,2,3,1,0,2,3,5,9,12,21,0,0,6,1.15
92,2024-02-08,2023-24,Спартак,Рубин,Еськов А.,0,2,0,0,0,0,0,3,2,5,8,14,22,0,0,2,0.85
93,2024-03-09,2023-24,Ахмат,Краснодар,Еськов А.,1,0,1,2,3,0,0,7,6,13,12,18,30,1,0,3,0.85
94,2024-04-10,2023-24,Динамо,Химки,Еськов А.,1,4,1,0,1,0,0,5,7,12,11,10,21,0,0,4,0.85
95,2024-05-11,2023-24,Оренбург,Локомотив,Безбородов А.,2,3,2,0,2,1,0,3,5,8,12,11,23,0,0,1,0.8
96,2024-06-12,2023-24,Рубин,Зенит,Казарцев С.,0,1,1,1,2,0,0,11,8,19,13,13,26,0,0,1,1.2
97,2024-07-13,2023-24,Факел,Пари НН,Еськов А.,1,0,0,1,1,0,0,6,3,9,17,10,27,0,0,2,0.85
98,2024-08-14,2023-24,Локомотив,Краснодар,Казарцев С.,0,0,1,1,2,0,0,2,6,8,9,13,22,0,0,4,1.2
99,2024-09-15,2023-24,Урал,Краснодар,Карасев С.,1,0,2,4,6,0,0,7,8,15,11,14,25,0,0,1,1.15
100,2024-10-16,2023-24,Динамо,Ростов,Безбородов А.,0,0,2,2,4,0,0,5,5,10,13,13,26,0,0,0,0.8
101,2024-01-17,2023-24,Оренбург,Локомотив,Иванов И.,2,1,4,0,4,0,0,7,3,10,13,9,22,0,0,0,0.95
102,2024-02-18,2023-24,Крылья Советов,Ахмат,Карасев С.,0,1,6,1,7,0,0,3,5,8,19,11,30,0,0,1,1.15
103,2024-03-19,2023-24,Рубин,Динамо,Иванов И.,0,0,2,3,5,0,0,3,5,8,14,12,26,0,0,2,0.95
104,2024-04-20,2023-24,Динамо,Рубин,Еськов А.,1,0,4,1,5,0,0,4,6,10,16,12,28,0,0,2,0.85
105,2024-05-21,2023-24,Динамо,Факел,Иванов И.,2,2,2,1,3,0,0,3,3,6,10,11,21,0,0,1,0.95
106,2024-06-22,2023-24,Урал,Спартак,Чистяков Е.,0,1,0,4,4,1,0,5,6,11,18,12,30,1,0,2,1.1
107,2024-07-23,2023-24,Локомотив,ЦСКА,Чистяков Е.,3,0,1,2,3,0,0,3,3,6,15,19,34,1,1,0,1.1
108,2024-08-24,2023-24,Ахмат,Пари НН,Еськов А.,3,0,1,1,2,0,1,4,3,7,10,12,22,0,0,2,0.85
109,2024-09-25,2023-24,Сочи,Спартак,Карасев С.,2,0,3,1,4,0,0,5,2,7,11,13,24,1,0,1,1.15
110,2024-10-26,2023-24,Химки,Локомотив,Чистяков Е.,3,0,1,2,3,0,0,5,7,12,16,15,31,1,1,3,1.1
111,2024-01-27,2023-24,Оренбург,Крылья Советов,Безбородов А.,0,1,1,0,1,0,0,5,10,15,17,9,26,0,0,1,0.8
112,2024-02-28,2023-24,Урал,Сочи,Левников С.,2,0,3,3,6,0,0,2,4,6,18,11,29,0,0,3,1.3
113,2024-03-01,2023-24,Крылья Советов,Ростов,Еськов А.,1,2,4,2,6,0,0,4,1,5,15,16,31,0,0,1,0.85
114,2024-04-02,2023-24,Локомотив,Оренбург,Карасев С.,2,2,4,0,4,0,0,5,4,9,10,14,24,1,0,1,1.15
115,2024-05-03,2023-24,Сочи,Локомотив,Москалев А.,0,4,3,5,8,0,0,8,3,11,14,13,27,1,0,0,1.05
116,2024-06-04,2023-24,Рубин,Динамо,Казарцев С.,0,0,2,3,5,0,0,3,7,10,12,16,28,0,0,2,1.2
117,2024-07-05,2023-24,Химки,ЦСКА,Лапочкин С.,0,0,2,1,3,0,0,7,6,13,9,17,26,1,0,2,1.0
118,2024-08-06,2023-24,Локомотив,Зенит,Вилков В.,0,0,4,3,7,0,0,3,5,8,11,12,23,0,0,0,0.9
119,2024-09-07,2023-24,Рубин,Химки,Левников С.,0,2,1,0,1,0,0,3,9,12,19,11,30,0,0,4,1.3
120,2024-10-08,2023-24,Ростов,Ахмат,Москалев А.,1,2,1,1,2,0,0,4,5,9,9,11,20,0,0,0,1.05
121,2024-01-09,2024-25,Спартак,Сочи,Еськов А.,1,0,0,0,0,0,0,6,4,10,15,11,26,0,0,0,0.85
122,2024-02-10,2024-25,Химки,Пари НН,Лапочкин С.,2,1,1,0,1,0,0,8,5,13,14,12,26,0,0,2,1.0
123,2024-03-11,2024-25,Сочи,Зенит,Лапочкин С.,3,1,0,2,2,0,0,4,5,9,11,11,22,0,0,1,1.0
124,2024-04-12,2024-25,Факел,Локомотив,Безбородов А.,2,3,1,5,6,0,0,4,6,10,8,16,24,0,0,2,0.8
125,2024-05-13,2024-25,Оренбург,Спартак,Вилков В.,2,3,0,1,1,0,0,8,1,9,18,18,36,0,0,3,0.9
126,2024-06-14,2024-25,Химки,Оренбург,Матюнин А.,1,4,1,1,2,0,0,9,6,15,11,9,20,1,0,3,1.1
127,2024-07-15,2024-25,Динамо,Урал,Вилков В.,2,2,0,3,3,0,0,4,8,12,12,15,27,0,0,0,0.9
128,2024-08-16,2024-25,ЦСКА,Краснодар,Безбородов А.,0,2,2,1,3,0,0,4,7,11,7,16,23,0,0,1,0.8
129,2024-09-17,2024-25,Динамо,Пари НН,Казарцев С.,1,0,3,1,4,0,0,9,1,10,9,6,15,0,0,2,1.2
130,2024-10-18,2024-25,Спартак,Урал,Панин А.,1,0,5,3,8,0,0,3,3,6,12,14,26,1,0,1,1.0
131,2024-01-19,2024-25,Пари НН,Урал,Карасев С.,2,2,2,3,5,0,0,5,5,10,13,17,30,0,0,3,1.15
132,2024-02-20,2024-25,Сочи,Урал,Левников С.,1,0,2,3,5,0,0,6,3,9,14,12,26,0,0,2,1.3
133,2024-03-21,2024-25,Зенит,Факел,Безбородов А.,1,0,2,2,4,0,0,4,6,10,17,13,30,1,0,2,0.8
134,2024-04-22,2024-25,Крылья Советов,Краснодар,Матюнин А.,1,1,3,2,5,0,0,8,5,13,21,13,34,0,0,1,1.1
135,2024-05-23,2024-25,Ростов,Урал,Вилков В.,2,1,2,0,2,0,0,3,9,12,11,11,22,1,0,3,0.9
136,2024-06-24,2024-25,Факел,Крылья Советов,Матюнин А.,3,1,1,0,1,0,0,8,5,13,13,17,30,1,0,6,1.1
137,2024-07-25,2024-25,Пари НН,Динамо,Вилков В.,3,1,1,3,4,0,0,2,3,5,6,17,23,0,0,0,0.9
138,2024-08-26,2024-25,Локомотив,Химки,Чистяков Е.,1,1,1,0,1,0,0,1,4,5,14,11,25,0,0,2,1.1
139,2024-09-27,2024-25,Рубин,Ахмат,Панин А.,2,0,0,0,0,0,0,3,3,6,8,9,17,0,0,5,1.0
140,2024-10-28,2024-25,Урал,Оренбург,Иванов И.,0,2,3,0,3,0,0,3,4,7,7,19,26,1,1,1,0.95
141,2024-01-01,2024-25,Пари НН,ЦСКА,Карасев С.,1,0,4,4,8,0,0,3,10,13,10,9,19,0,0,3,1.15
142,2024-02-02,2024-25,Спартак,Урал,Чистяков Е.,4,0,1,2,3,0,0,5,7,12,17,9,26,0,0,1,1.1
143,2024-03-03,2024-25,Краснодар,Крылья Советов,Казарцев С.,0,1,2,1,3,0,1,3,9,12,12,12,24,1,1,1,1.2
144,2024-04-04,2024-25,Пари НН,Ростов,Казарцев С.,1,3,3,5,8,0,0,10,3,13,13,15,28,1,0,3,1.2
145,2024-05-05,2024-25,Динамо,Ахмат,Карасев С.,2,3,2,4,6,0,0,6,8,14,13,14,27,1,0,1,1.15
146,2024-06-06,2024-25,Динамо,Ахмат,Москалев А.,0,0,4,3,7,0,0,3,2,5,12,15,27,0,0,1,1.05
147,2024-07-07,2024-25,Рубин,ЦСКА,Панин А.,0,1,2,3,5,0,0,2,4,6,12,11,23,0,0,2,1.0
148,2024-08-08,2024-25,Факел,Ростов,Левников С.,2,0,1,2,3,0,0,5,6,11,13,9,22,0,0,2,1.3
149,2024-09-09,2024-25,Урал,Химки,Карасев С.,1,0,2,1,3,0,0,3,5,8,17,11,28,0,0,2,1.15
150,2024-10-10,2024-25,Рубин,Зенит,Панин А.,1,0,2,2,4,0,0,7,8,15,11,13,24,0,0,3,1.0
151,2024-01-11,2024-25,Химки,Динамо,Левников С.,1,3,0,3,3,0,0,5,7,12,12,15,27,0,0,0,1.3
152,2024-02-12,2024-25,Пари НН,Факел,Еськов А.,0,2,1,2,3,0,0,10,3,13,12,17,29,0,0,0,0.85
153,2024-03-13,2024-25,Оренбург,Локомотив,Москалев А.,1,1,0,0,0,0,0,6,7,13,9,19,28,0,0,1,1.05
154,2024-04-14,2024-25,Ахмат,Локомотив,Иванов И.,2,3,0,1,1,0,0,6,5,11,10,11,21,0,0,0,0.95
155,2024-05-15,2024-25,Оренбург,Спартак,Казарцев С.,1,1,0,3,3,0,0,2,3,5,9,13,22,1,0,1,1.2
156,2024-06-16,2024-25,Спартак,Краснодар,Вилков В.,1,1,0,3,3,0,0,7,4,11,13,10,23,1,1,2,0.9
157,2024-07-17,2024-25,Ахмат,ЦСКА,Лапочкин С.,1,0,3,2,5,0,0,4,3,7,11,13,24,1,0,3,1.0
158,2024-08-18,2024-25,Спартак,Химки,Москалев А.,4,0,3,3,6,0,0,1,4,5,13,13,26,0,0,0,1.05
159,2024-09-19,2024-25,Спартак,Динамо,Матюнин А.,0,0,2,1,3,0,0,3,3,6,15,7,22,0,0,2,1.1
160,2024-10-20,2024-25,Динамо,Рубин,Чистяков Е.,1,1,3,1,4,0,0,6,4,10,14,19,33,0,0,0,1.1
161,2024-01-21,2024-25,Крылья Советов,Ростов,Матюнин А.,0,1,5,2,7,0,0,7,1,8,13,7,20,0,0,2,1.1
162,2024-02-22,2024-25,Спартак,Сочи,Карасев С.,2,0,2,3,5,0,0,2,2,4,14,16,30,1,0,3,1.15
163,2024-03-23,2024-25,Спартак,Динамо,Матюнин А.,1,1,1,2,3,0,0,8,4,12,16,15,31,1,0,1,1.1
164,2024-04-24,2024-25,Зенит,Спартак,Карасев С.,3,3,1,1,2,0,0,3,6,9,16,16,32,0,0,1,1.15
165,2024-05-25,2024-25,Рубин,Спартак,Чистяков Е.,2,0,1,2,3,0,0,3,6,9,10,10,20,0,0,3,1.1
166,2024-06-26,2024-25,Химки,Факел,Еськов А.,0,0,2,3,5,0,0,1,5,6,7,20,27,0,0,2,0.85
167,2024-07-27,2024-25,Ростов,ЦСКА,Еськов А.,1,2,1,1,2,0,1,4,8,12,12,12,24,0,0,1,0.85
168,2024-08-28,2024-25,Ахмат,Локомотив,Лапочкин С.,1,0,1,1,2,0,0,2,4,6,11,15,26,0,0,2,1.0
169,2024-09-01,2024-25,ЦСКА,Урал,Вилков В.,0,1,4,1,5,0,0,1,5,6,23,11,34,1,1,2,0.9
170,2024-10-02,2024-25,Рубин,Урал,Вилков В.,0,1,3,0,3,0,0,3,2,5,7,15,22,0,0,2,0.9
171,2024-01-03,2024-25,Зенит,Химки,Вилков В.,1,1,5,2,7,0,0,2,7,9,13,14,27,0,0,2,0.9
172,2024-02-04,2024-25,Динамо,Пари НН,Москалев А.,0,1,1,2,3,0,0,4,6,10,18,8,26,0,0,0,1.05
173,2024-03-05,2024-25,Локомотив,Ростов,Панин А.,2,3,2,2,4,0,0,5,8,13,7,15,22,0,0,1,1.0
174,2024-04-06,2024-25,Крылья Советов,Спартак,Карасев С.,1,4,2,4,6,0,0,6,5,11,5,12,17,0,0,2,1.15
175,2024-05-07,2024-25,Крылья Советов,Пари НН,Чистяков Е.,1,5,1,1,2,0,0,8,6,14,11,21,32,1,0,2,1.1
176,2024-06-08,2024-25,Динамо,Ахмат,Москалев А.,0,1,3,1,4,0,0,2,7,9,6,15,21,1,1,1,1.05
177,2024-07-09,2024-25,Рубин,Ахмат,Вилков В.,4,2,0,3,3,0,0,7,5,12,12,10,22,0,0,3,0.9
178,2024-08-10,2024-25,Пари НН,Сочи,Левников С.,4,1,2,2,4,0,0,4,2,6,12,13,25,0,0,2,1.3
179,2024-09-11,2024-25,Пари НН,Спартак,Лапочкин С.,0,1,2,2,4,0,0,4,3,7,13,15,28,1,1,2,1.0
180,2024-10-12,2024-25,Локомотив,Крылья Советов,Казарцев С.,1,0,2,2,4,0,0,4,5,9,15,12,27,0,0,2,1.2
181,2024-01-13,2024-25,Краснодар,Факел,Левников С.,1,1,2,1,3,0,0,4,5,9,16,15,31,0,0,0,1.3
182,2024-02-14,2024-25,Спартак,Зенит,Иванов И.,1,1,2,0,2,1,0,4,4,8,15,14,29,1,0,0,0.95
183,2024-03-15,2024-25,ЦСКА,Урал,Левников С.,1,0,0,0,0,0,0,5,10,15,18,6,24,0,0,1,1.3
184,2024-04-16,2024-25,ЦСКА,Оренбург,Чистяков Е.,1,0,3,0,3,0,0,6,9,15,21,7,28,0,0,1,1.1
185,2024-05-17,2024-25,Оренбург,Спартак,Еськов А.,3,0,5,0,5,0,0,3,8,11,19,12,31,0,0,0,0.85
186,2024-06-18,2024-25,Локомотив,Динамо,Вилков В.,1,2,0,0,0,0,0,4,4,8,13,12,25,0,0,2,0.9
187,2024-07-19,2024-25,Спартак,Оренбург,Безбородов А.,3,2,1,1,2,0,0,2,3,5,12,8,20,0,0,0,0.8
188,2024-08-20,2024-25,Сочи,Спартак,Иванов И.,0,2,0,1,1,0,0,6,4,10,11,15,26,0,0,1,0.95
189,2024-09-21,2024-25,Ахмат,Оренбург,Матюнин А.,3,0,0,1,1,0,0,4,3,7,11,12,23,0,0,4,1.1
190,2024-10-22,2024-25,Урал,Рубин,Левников С.,1,2,0,3,3,0,0,4,4,8,9,12,21,0,0,3,1.3
191,2024-01-23,2024-25,Урал,Спартак,Безбородов А.,3,2,0,1,1,0,0,2,2,4,10,13,23,0,0,2,0.8
192,2024-02-24,2024-25,Крылья Советов,Краснодар,Левников С.,1,0,2,0,2,0,0,8,6,14,19,25,44,0,0,2,1.3
193,2024-03-25,2024-25,Урал,Зенит,Казарцев С.,4,0,1,1,2,0,0,3,4,7,12,16,28,1,0,3,1.2
194,2024-04-26,2024-25,Краснодар,Локомотив,Безбородов А.,1,1,2,3,5,0,0,3,6,9,19,16,35,0,0,3,0.8
195,2024-05-27,2024-25,Локомотив,Спартак,Казарцев С.,3,0,1,3,4,0,0,6,5,11,10,13,23,0,0,1,1.2
196,2024-06-28,2024-25,Динамо,Химки,Иванов И.,0,0,2,0,2,0,0,6,3,9,13,14,27,0,0,2,0.95
197,2024-07-01,2024-25,Химки,Крылья Советов,Москалев А.,2,0,4,3,7,0,0,6,3,9,12,20,32,0,0,2,1.05
198,2024-08-02,2024-25,Ростов,Крылья Советов,Чистяков Е.,3,0,2,1,3,0,0,1,6,7,14,13,27,0,0,2,1.1
199,2024-09-03,2024-25,Зенит,Сочи,Безбородов А.,3,0,2,3,5,0,0,5,5,10,17,14,31,0,0,1,0.8
200,2024-10-04,2024-25,Динамо,Химки,Чистяков Е.,0,1,1,2,3,0,0,6,3,9,14,16,30,1,0,4,1.1
201,2024-01-05,2024-25,Ахмат,Локомотив,Еськов А.,2,1,2,2,4,0,0,4,4,8,16,11,27,1,1,2,0.85
202,2024-02-06,2024-25,Динамо,Ахмат,Казарцев С.,1,1,2,3,5,0,0,1,6,7,15,18,33,1,0,2,1.2
203,2024-03-07,2024-25,Оренбург,Крылья Советов,Еськов А.,2,3,0,1,1,0,0,2,4,6,11,10,21,1,0,0,0.85
204,2024-04-08,2024-25,Пари НН,Ахмат,Казарцев С.,1,1,3,2,5,0,0,3,5,8,13,7,20,0,0,3,1.2
205,2024-05-09,2024-25,Ростов,Крылья Советов,Левников С.,2,1,3,2,5,0,0,6,10,16,10,16,26,0,0,1,1.3
206,2024-06-10,2024-25,Зенит,Сочи,Москалев А.,1,0,2,3,5,0,0,6,6,12,13,19,32,0,0,1,1.05
207,2024-07-11,2024-25,Факел,Оренбург,Москалев А.,0,1,2,2,4,0,0,6,10,16,9,11,20,0,0,3,1.05
208,2024-08-12,2024-25,ЦСКА,Спартак,Карасев С.,0,1,1,5,6,1,0,4,6,10,17,11,28,0,0,3,1.15
209,2024-09-13,2024-25,Оренбург,Краснодар,Иванов И.,3,1,2,2,4,0,0,3,5,8,14,5,19,0,0,1,0.95
210,2024-10-14,2024-25,Спартак,Крылья Советов,Москалев А.,0,1,0,1,1,0,0,7,3,10,9,7,16,0,0,3,1.05
211,2024-01-15,2024-25,Ростов,Спартак,Вилков В.,1,2,1,2,3,0,0,3,5,8,10,11,21,0,0,3,0.9
212,2024-02-16,2024-25,Спартак,Пари НН,Чистяков Е.,1,0,1,1,2,0,0,4,4,8,10,8,18,0,0,0,1.1
213,2024-03-17,2024-25,Спартак,Химки,Москалев А.,3,0,2,2,4,0,0,8,5,13,15,15,30,0,0,1,1.05
214,2024-04-18,2024-25,ЦСКА,Ростов,Левников С.,2,1,0,3,3,0,0,5,4,9,12,12,24,0,0,2,1.3
215,2024-05-19,2024-25,Ростов,Сочи,Матюнин А.,1,1,0,2,2,1,1,6,5,11,12,12,24,0,0,0,1.1
216,2024-06-20,2024-25,Крылья Советов,Факел,Чистяков Е.,2,0,0,0,0,0,0,4,8,12,11,15,26,1,0,2,1.1
217,2024-07-21,2024-25,Локомотив,Спартак,Карасев С.,0,0,0,6,6,0,0,4,5,9,16,16,32,1,0,2,1.15
218,2024-08-22,2024-25,Сочи,Крылья Советов,Матюнин А.,3,1,2,5,7,0,0,5,3,8,16,16,32,0,0,0,1.1
219,2024-09-23,2024-25,Оренбург,Пари НН,Москалев А.,1,1,1,2,3,0,0,4,6,10,8,22,30,0,0,1,1.05
220,2024-10-24,2024-25,Динамо,Факел,Левников С.,4,2,3,3,6,0,0,3,3,6,9,10,19,0,0,4,1.3
221,2024-01-25,2024-25,Спартак,Краснодар,Чистяков Е.,1,0,1,4,5,0,0,8,4,12,17,16,33,0,0,1,1.1
222,2024-02-26,2024-25,Крылья Советов,Динамо,Безбородов А.,2,2,1,3,4,0,0,5,4,9,7,17,24,0,0,2,0.8
223,2024-03-27,2024-25,Ахмат,ЦСКА,Чистяков Е.,2,1,1,2,3,0,0,1,1,2,11,10,21,0,0,1,1.1
224,2024-04-28,2024-25,Сочи,Ростов,Еськов А.,1,0,1,1,2,1,0,10,8,18,7,8,15,0,0,3,0.85
225,2024-05-01,2024-25,Ростов,Факел,Вилков В.,2,1,1,1,2,0,0,4,6,10,7,14,21,1,1,1,0.9
226,2024-06-02,2024-25,Урал,Зенит,Москалев А.,0,4,1,1,2,0,0,8,6,14,11,9,20,0,0,1,1.05
227,2024-07-03,2024-25,Ростов,Факел,Москалев А.,2,0,1,1,2,0,0,12,5,17,10,5,15,0,0,2,1.05
228,2024-08-04,2024-25,Локомотив,Рубин,Безбородов А.,2,0,2,2,4,0,0,4,4,8,14,22,36,0,0,2,0.8
229,2024-09-05,2024-25,Динамо,Факел,Еськов А.,1,1,1,1,2,0,0,5,9,14,17,16,33,0,0,3,0.85
230,2024-10-06,2024-25,Ахмат,Урал,Матюнин А.,3,1,2,0,2,1,0,6,7,13,10,23,33,0,0,1,1.1
231,2024-01-07,2024-25,Локомотив,Пари НН,Иванов И.,4,1,3,0,3,0,0,3,2,5,8,18,26,0,0,0,0.95
232,2024-02-08,2024-25,Динамо,Пари НН,Еськов А.,3,0,1,2,3,0,0,8,4,12,18,18,36,0,0,4,0.85
233,2024-03-09,2024-25,Химки,Ростов,Карасев С.,0,0,4,3,7,0,0,4,6,10,10,15,25,0,0,2,1.15
234,2024-04-10,2024-25,Спартак,Оренбург,Левников С.,1,1,1,5,6,0,0,7,6,13,12,11,23,0,0,4,1.3
235,2024-05-11,2024-25,Урал,Оренбург,Панин А.,3,0,6,2,8,0,0,9,6,15,14,6,20,0,0,0,1.0
236,2024-06-12,2024-25,Спартак,Ростов,Карасев С.,3,1,1,2,3,0,0,4,2,6,10,10,20,0,0,2,1.15
237,2024-07-13,2024-25,Пари НН,Химки,Иванов И.,1,0,3,2,5,0,0,10,5,15,10,16,26,0,0,1,0.95
238,2024-08-14,2024-25,Краснодар,Спартак,Москалев А.,2,1,0,1,1,0,0,5,1,6,10,14,24,0,0,1,1.05
239,2024-09-15,2024-25,Оренбург,Краснодар,Москалев А.,1,1,2,2,4,0,0,1,2,3,12,9,21,0,0,2,1.05
240,2024-10-16,2024-25,Пари НН,Краснодар,Москалев А.,1,1,0,0,0,0,0,7,3,10,15,21,36,0,0,2,1.05
